file_name	distance	total_time	total_ascent	total_descent	end_date	user
桃山單攻	12.57	612	1493	1495	2025/5/31	https://hiking.biji.co//index.php?q=member&member=1407006
桃山上吃粽子	10.67	497	1447	1413	2025/5/31	https://hiking.biji.co//index.php?q=member&member=2137495
取桃計畫	11.99	449	1581	1580	2025/5/23	https://hiking.biji.co//index.php?q=member&member=1031595
20250517-桃山	10.71	532	1495	1503	2025/5/17	https://hiking.biji.co//index.php?q=member&member=1371116
240517桃山單攻	9.72	434	1103	1521	2025/5/17	https://hiking.biji.co//index.php?q=member&member=1100279
桃山快樂腳	11.47	416	1515	1545	2025/4/27	https://hiking.biji.co//index.php?q=member&member=2127798
桃山	11.06	612	1494	1503	2025/4/26	https://hiking.biji.co//index.php?q=member&member=1570977
桃山單攻	11.32	716	1530	1536	2024/11/25	https://hiking.biji.co//index.php?q=member&member=28403
桃山肉腳單	7.7	527	1372	1392	2025/4/19	https://hiking.biji.co//index.php?q=member&member=1413955
桃山下山	5.23	280	39	1439	2022/9/17	https://hiking.biji.co//index.php?q=member&member=1315564
桃山	11.02	887	1493	1502	2025/4/4	https://hiking.biji.co//index.php?q=member&member=2089197
桃山單攻-未完	6.88	244	869	871	2025/4/5	https://hiking.biji.co//index.php?q=member&member=1720485
桃山	14.52	649	1806	1829	2025/4/4	https://hiking.biji.co//index.php?q=member&member=1544135
桃山四秀	10.9	641	1520	1558	2025/4/4	https://hiking.biji.co//index.php?q=member&member=2058336
武陵三秀	20.34	562	2229	2225	2025/4/4	https://hiking.biji.co//index.php?q=member&member=1756566
2025-03-02_桃山神木D3(H2880營地-武陵山莊)	8.77	450	663	1616	2025/3/2	https://hiking.biji.co//index.php?q=member&member=723193
2025-03-01_桃山神木D2(H2880營地-桃山神木)	6.77	576	897	922	2025/3/1	https://hiking.biji.co//index.php?q=member&member=723193
2025-02-28_桃山神木D1(武陵山莊-桃山-H2880營地)	7.25	632	1539	515	2025/2/28	https://hiking.biji.co//index.php?q=member&member=723193
桃山單攻	15.26	378	1515	1634	2025/1/18	https://hiking.biji.co//index.php?q=member&member=1528053
20240902 桃山單攻	6.49	340	1480	59	2024/9/2	https://hiking.biji.co//index.php?q=member&member=2072855
桃山雪季單攻	11.07	793	1505	1515	2025/1/18	https://hiking.biji.co//index.php?q=member&member=1725837
桃山D1	5.12	432	1383	84	2025/1/5	https://hiking.biji.co//index.php?q=member&member=1725693
桃山單攻	14.31	780	1631	1638	2024/12/29	https://hiking.biji.co//index.php?q=member&member=2077203
桃山一日單攻	11.15	779	1575	1607	2024/12/29	https://hiking.biji.co//index.php?q=member&member=1874776
台中－臺灣百大必訪步道武陵四秀登山步道20241222173230	26.64	918	2664	2659	2024/12/22	https://hiking.biji.co//index.php?q=member&member=1998
20251221桃山單攻嗚嗚嗚	11.73	668	1498	1504	2024/12/21	https://hiking.biji.co//index.php?q=member&member=1836330
武陵四秀-桃山單攻	10.65	676	1542	1553	2024/12/15	https://hiking.biji.co//index.php?q=member&member=1664198
桃山神木經杜鵑稜線上鐵杉林營地	3.63	337	841	28	2024/12/9	https://hiking.biji.co//index.php?q=member&member=733906
桃山神木鐵杉林營地到桃山登山口	5.44	358	394	1340	2024/12/10	https://hiking.biji.co//index.php?q=member&member=733906
桃山單攻	15.76	582	1516	1521	2024/12/8	https://hiking.biji.co//index.php?q=member&member=2064980
桃山	9.09	567	1457	1432	2024/12/8	https://hiking.biji.co//index.php?q=member&member=2015205
桃山單攻20241208	10.41	495	1484	1493	2024/12/8	https://hiking.biji.co//index.php?q=member&member=1577561
2024.12.07單攻桃山初體驗	9.72	547	1464	1369	2024/12/7	https://hiking.biji.co//index.php?q=member&member=1977297
桃山三刷	14.83	826	1880	1884	2024/12/1	https://hiking.biji.co//index.php?q=member&member=1625806
一日桃山單攻	11.34	358	1493	1505	2024/11/23	https://hiking.biji.co//index.php?q=member&member=895480
桃山	10.38	542	1480	1469	2024/10/21	https://hiking.biji.co//index.php?q=member&member=1900075
武陵山莊上桃山喀拉業山走訪扁柏神殿出米羅	23.89	1912	2732	3096	2024/10/10	https://hiking.biji.co//index.php?q=member&member=1123211
桃山（2天1夜）	15.57	1760	1616	1609	2024/9/27	https://hiking.biji.co//index.php?q=member&member=1525728
日本桃山瞭望台原路折返	2.75	69	0	0	2024/9/27	https://hiking.biji.co//index.php?q=member&member=1450175
包愛罐帶小孩桃山單攻	14.53	751	1565	1568	2024/9/24	https://hiking.biji.co//index.php?q=member&member=1010675
1130920單攻桃山	11.06	506	1511	1518	2024/9/20	https://hiking.biji.co//index.php?q=member&member=1196794
桃山，池有單攻	19.42	1101	2118	2117	2024/9/18	https://hiking.biji.co//index.php?q=member&member=846533
桃山	10.45	680	1501	1501	2024/9/14	https://hiking.biji.co//index.php?q=member&member=1551195
桃山1日單攻	9.03	482	1461	1389	2024/8/28	https://hiking.biji.co//index.php?q=member&member=2063512
武陵四秀-桃山	13.47	628	1578	1579	2024/8/25	https://hiking.biji.co//index.php?q=member&member=1235041
13825桃山單攻	11.41	727	1573	1574	2024/8/25	https://hiking.biji.co//index.php?q=member&member=27743
單攻桃山	10.64	535	1514	1503	2024/8/25	https://hiking.biji.co//index.php?q=member&member=2005828
桃山	10.3	545	1509	1515	2024/8/24	https://hiking.biji.co//index.php?q=member&member=1348238
20240813 武陵四秀D1 武陵山莊-桃山-桃山山屋 (缺2K-桃山山屋路徑)	2.97	203	977	0	2024/8/13	https://hiking.biji.co//index.php?q=member&member=1805413
桃山單攻	10.51	584	1476	1484	2024/7/20	https://hiking.biji.co//index.php?q=member&member=1406773
桃山單功	10.68	499	1483	1482	2024/7/20	https://hiking.biji.co//index.php?q=member&member=1833734
一日三秀缺喀	22.12	784	2278	2283	2024/7/19	https://hiking.biji.co//index.php?q=member&member=954186
桃山_喀拉葉單攻	16.65	887	2006	2009	2024/7/13	https://hiking.biji.co//index.php?q=member&member=1521416
桃山一日單攻	11.96	678	1506	1501	2024/7/14	https://hiking.biji.co//index.php?q=member&member=1145655
2024.07.06 武陵四秀 一日四秀單攻（桃喀池品）	27.59	838	2696	2696	2024/7/6	https://hiking.biji.co//index.php?q=member&member=70373
桃山單攻	11.75	644	1461	1469	2024/7/6	https://hiking.biji.co//index.php?q=member&member=1721313
桃山	20.66	580	1824	1543	2024/6/30	https://hiking.biji.co//index.php?q=member&member=1287965
20240628-30武陵三秀（池有、品田、桃山）	22.91	3261	2307	2314	2024/6/28	https://hiking.biji.co//index.php?q=member&member=1137615
桃山下登山口	4.51	234	29	1361	2024/6/30	https://hiking.biji.co//index.php?q=member&member=573727
20240627~0628桃山、喀拉業山獨行 (內有圖文紀錄)	18.35	1714	2010	2014	2024/6/27	https://hiking.biji.co//index.php?q=member&member=1745510
肉腳登山隊	5.22	346	1444	29	2024/6/29	https://hiking.biji.co//index.php?q=member&member=573727
桃山池友山連走O型	15.51	729	1717	1709	2024/6/20	https://hiking.biji.co//index.php?q=member&member=1594094
桃山山屋+喀拉業山+桃山+桃山登山口	11.77	607	555	1966	2024/6/20	https://hiking.biji.co//index.php?q=member&member=1487361
新達山屋+品田山+桃山+桃山山屋	6.61	617	719	609	2024/6/19	https://hiking.biji.co//index.php?q=member&member=1487361
桃山單攻	12.04	382	1579	1569	2024/5/19	https://hiking.biji.co//index.php?q=member&member=1756566
20240421單攻桃喀-還是當好學生就好	16.19	577	1959	1998	2024/4/21	https://hiking.biji.co//index.php?q=member&member=501490
桃山	9.09	742	1407	1446	2024/4/20	https://hiking.biji.co//index.php?q=member&member=1775648
桃山單攻JC	10.67	410	1451	1574	2024/4/14	https://hiking.biji.co//index.php?q=member&member=1605671
台中－臺灣百大必訪步道武陵四秀登山步道202403271649	12.85	896	1807	1833	2024/3/27	https://hiking.biji.co//index.php?q=member&member=1431406
桃喀單攻	16.23	661	1928	1931	2024/3/24	https://hiking.biji.co//index.php?q=member&member=1192967
桃山	11.77	509	1265	1194	2024/3/17	https://hiking.biji.co//index.php?q=member&member=1235041
桃山登山口-桃山頂-桃山山屋-桃山登山口	11.46	649	1430	1509	2024/3/17	https://hiking.biji.co//index.php?q=member&member=1797760
桃山散步團	11.26	668	1535	1534	2024/3/17	https://hiking.biji.co//index.php?q=member&member=1017952
桃山單攻撤退	9.54	472	1095	1098	2024/3/10	https://hiking.biji.co//index.php?q=member&member=1254183
2023.12.23 桃山	11	1722	1492	1502	2023/12/23	https://hiking.biji.co//index.php?q=member&member=1488944
1130214桃山單攻	10.63	608	1462	1440	2024/2/14	https://hiking.biji.co//index.php?q=member&member=1254076
1130127桃山單攻	10.53	535	1516	1513	2024/1/27	https://hiking.biji.co//index.php?q=member&member=1260471
武陵山莊到桃山單趟	5.41	241	1468	47	2024/1/20	https://hiking.biji.co//index.php?q=member&member=1952881
桃山到登山口（返程）	4.36	244	24	1380	2024/1/20	https://hiking.biji.co//index.php?q=member&member=1952881
桃山單攻	10.4	612	1482	1499	2024/1/6	https://hiking.biji.co//index.php?q=member&member=1176013
2023末最後一顆桃子	11.62	721	1578	1615	2023/12/31	https://hiking.biji.co//index.php?q=member&member=1153540
桃山喀拉業兩天一夜	12.75	782	1904	539	2023/11/26	https://hiking.biji.co//index.php?q=member&member=1415206
桃山一日單攻	11.66	598	1495	1497	2023/12/30	https://hiking.biji.co//index.php?q=member&member=1458421
桃山	11.03	565	1511	1524	2023/12/22	https://hiking.biji.co//index.php?q=member&member=1729375
桃山	12.24	895	1504	1508	2023/12/16	https://hiking.biji.co//index.php?q=member&member=1661645
桃山單攻	10.62	585	1498	1528	2023/12/10	https://hiking.biji.co//index.php?q=member&member=1773525
桃山喀拉業	20.1	1604	2063	2044	2023/12/6	https://hiking.biji.co//index.php?q=member&member=1731013
桃山	12.57	600	1547	1618	2023/12/5	https://hiking.biji.co//index.php?q=member&member=1363455
2023/12/1桃山單攻	10.38	467	1534	1535	2023/12/2	https://hiking.biji.co//index.php?q=member&member=1910219
20230623-24武陵二秀池有山_桃山	14.13	1911	1664	1669	2023/6/23	https://hiking.biji.co//index.php?q=member&member=1535154
打卡願望清單??武陵四秀桃山單攻	12.81	744	1554	1555	2023/11/26	https://hiking.biji.co//index.php?q=member&member=1414781
20231125桃山單攻	12	469	1538	1550	2023/11/25	https://hiking.biji.co//index.php?q=member&member=1441138
20231122 桃山，喀拉業山單攻	16.2	1315	1841	1842	2023/11/22	https://hiking.biji.co//index.php?q=member&member=1201125
20231118武陵露營區桃山單攻	20.84	704	1838	1912	2023/11/18	https://hiking.biji.co//index.php?q=member&member=809973
桃山桃太郎	12.51	732	1471	1481	2023/11/21	https://hiking.biji.co//index.php?q=member&member=1465035
20231119一日武陵四秀&布秀蘭山、新達山	27.74	1001	2723	2721	2023/11/19	https://hiking.biji.co//index.php?q=member&member=1422158
20231119 桃山	12.92	638	1544	1662	2023/11/19	https://hiking.biji.co//index.php?q=member&member=1237826
單攻桃山	11.14	602	1515	1521	2023/11/18	https://hiking.biji.co//index.php?q=member&member=1570742
桃山單攻	10.08	584	1527	1520	2023/11/16	https://hiking.biji.co//index.php?q=member&member=1453347
桃山	10.66	634	1476	1483	2023/7/5	https://hiking.biji.co//index.php?q=member&member=1631707
1107桃山單攻	10.83	531	1438	1525	2023/11/7	https://hiking.biji.co//index.php?q=member&member=1667008
桃山單攻	9.05	684	3367	1481	2023/11/5	https://hiking.biji.co//index.php?q=member&member=1808838
單攻 一日四秀	24.78	732	2750	2665	2023/11/5	https://hiking.biji.co//index.php?q=member&member=1751759
【武陵四秀】一日四秀單攻，Round 2	25.67	602	2705	2691	2023/11/4	https://hiking.biji.co//index.php?q=member&member=1363963
桃喀	18.65	960	2008	2009	2023/11/4	https://hiking.biji.co//index.php?q=member&member=1330740
桃山	9.87	450	1551	1553	2023/11/4	https://hiking.biji.co//index.php?q=member&member=1651946
桃山單攻	10.75	651	1479	1472	2023/10/30	https://hiking.biji.co//index.php?q=member&member=1292627
武陵桃山	1.27	677	20	96	2023/10/28	https://hiking.biji.co//index.php?q=member&member=1926117
2023/10/23∼25 武陵四秀	38.3	3434	2843	2841	2023/10/23	https://hiking.biji.co//index.php?q=member&member=551026
20231026桃山	8.84	650	1365	1274	2023/10/26	https://hiking.biji.co//index.php?q=member&member=1731646
桃山單攻	11.72	543	1543	1546	2023/10/25	https://hiking.biji.co//index.php?q=member&member=1622782
BENTANG桃山單攻	14.32	721	1563	1561	2023/10/23	https://hiking.biji.co//index.php?q=member&member=1340302
桃山(上)	5.33	474	1418	76	2023/10/22	https://hiking.biji.co//index.php?q=member&member=1497709
武陵桃山	11.4	812	1557	1553	2023/10/22	https://hiking.biji.co//index.php?q=member&member=1577246
2023-04-22_附中桃山單攻	10.93	618	1509	1497	2023/4/22	https://hiking.biji.co//index.php?q=member&member=571932
20231014 - 15 米羅佐得寒上桃山(米佐桃縱走)	18.42	1809	2090	1797	2023/10/14	https://hiking.biji.co//index.php?q=member&member=1313610
桃山單攻	11.97	690	1501	1507	2023/10/15	https://hiking.biji.co//index.php?q=member&member=1652906
桃山	11.87	544	1478	1481	2023/10/10	https://hiking.biji.co//index.php?q=member&member=1180633
Ryan＆Angel_桃喀單攻首刷	15.82	823	1942	1953	2023/9/30	https://hiking.biji.co//index.php?q=member&member=1395416
桃山單攻	9.9	419	1394	1488	2023/9/29	https://hiking.biji.co//index.php?q=member&member=1212512
桃山	11.56	531	1493	1489	2023/9/26	https://hiking.biji.co//index.php?q=member&member=1171355
230914桃喀單攻	16.67	610	1933	1936	2023/9/14	https://hiking.biji.co//index.php?q=member&member=965783
桃山	6.96	429	1385	425	2023/9/13	https://hiking.biji.co//index.php?q=member&member=1515071
一日桃喀	19	828	2022	2029	2023/9/10	https://hiking.biji.co//index.php?q=member&member=1235802
桃克	14.83	677	1846	1765	2023/8/26	https://hiking.biji.co//index.php?q=member&member=973690
武陵二秀桃山池有山	13.5	867	1723	1705	2023/8/25	https://hiking.biji.co//index.php?q=member&member=704054
桃山單攻	11.57	556	1464	1476	2023/8/13	https://hiking.biji.co//index.php?q=member&member=1254283
桃山處女團	11.07	725	1500	1503	2023/8/12	https://hiking.biji.co//index.php?q=member&member=1888944
武陵山莊+桃山登山山徑來回	10.21	648	1452	1383	2023/7/22	https://hiking.biji.co//index.php?q=member&member=1171359
桃山山屋尿尿	12.44	438	1491	1483	2023/7/16	https://hiking.biji.co//index.php?q=member&member=1816746
20230714武陵四秀（桃山）	11.65	522	1485	1476	2023/7/14	https://hiking.biji.co//index.php?q=member&member=1751940
武陵四秀登山步道202307081542	17.04	721	2073	2078	2023/7/8	https://hiking.biji.co//index.php?q=member&member=1212083
桃山單攻	10.95	524	1500	1502	2023/7/2	https://hiking.biji.co//index.php?q=member&member=1618284
桃山單供20230625	13.67	661	1510	1509	2023/6/26	https://hiking.biji.co//index.php?q=member&member=949558
桃山單攻	12	660	1513	1519	2023/6/26	https://hiking.biji.co//index.php?q=member&member=1075758
桃山加池有山單攻	15.49	764	1848	1851	2023/6/22	https://hiking.biji.co//index.php?q=member&member=1307980
桃山單攻230610	12.1	525	1677	1709	2023/6/10	https://hiking.biji.co//index.php?q=member&member=1516523
桃山單攻	9.06	476	1525	1478	2023/6/8	https://hiking.biji.co//index.php?q=member&member=1523240
2023-03-27…29_武陵四秀逆走（3天2夜)	28	1743	3002	3004	2023/5/27	https://hiking.biji.co//index.php?q=member&member=12244
桃山單攻	10.51	628	1598	1575	2023/5/29	https://hiking.biji.co//index.php?q=member&member=1256774
桃山單攻	12.14	627	1518	1512	2023/5/29	https://hiking.biji.co//index.php?q=member&member=52728
小魚桃山生日趴	10.67	570	1505	1516	2023/5/22	https://hiking.biji.co//index.php?q=member&member=1484226
1120521桃山單登	10.87	602	1475	1467	2023/5/21	https://hiking.biji.co//index.php?q=member&member=755782
0521桃山單攻	11.99	612	1491	1487	2023/5/21	https://hiking.biji.co//index.php?q=member&member=1785131
桃山單攻	10.45	466	1476	1401	2023/5/21	https://hiking.biji.co//index.php?q=member&member=1371680
桃山一日單攻	13.18	714	1609	1589	2023/5/9	https://hiking.biji.co//index.php?q=member&member=43524
桃山	9.31	473	1479	1532	2023/5/9	https://hiking.biji.co//index.php?q=member&member=71642
1120504 一日武陵四秀(桃山、喀拉業山、池有山、品田山)	26.22	864	2737	2742	2023/5/4	https://hiking.biji.co//index.php?q=member&member=1624066
桃山	7.96	471	360	1472	2023/5/2	https://hiking.biji.co//index.php?q=member&member=1731013
桃山	10.25	518	1447	1458	2023/4/30	https://hiking.biji.co//index.php?q=member&member=1735078
桃山	10.48	699	1495	1404	2023/4/30	https://hiking.biji.co//index.php?q=member&member=1834765
20230430 阿湯哥桃山喀拉業單攻	15.27	897	1973	1928	2023/4/30	https://hiking.biji.co//index.php?q=member&member=1375217
桃山單攻	11.72	743	1473	1465	2023/4/28	https://hiking.biji.co//index.php?q=member&member=1635971
桃山單攻 全程	11.17	757	1539	1538	2023/4/24	https://hiking.biji.co//index.php?q=member&member=1428916
桃山單攻 回程	6.3	306	65	1458	2023/4/24	https://hiking.biji.co//index.php?q=member&member=1826486
桃山單攻 去程	5.25	376	1441	25	2023/4/24	https://hiking.biji.co//index.php?q=member&member=1826486
桃山上池有下	11.89	779	1554	1148	2023/4/22	https://hiking.biji.co//index.php?q=member&member=1410702
桃山1.5K	3.01	121	107	510	2023/4/21	https://hiking.biji.co//index.php?q=member&member=1283907
桃山單攻	10.99	735	1492	1489	2023/4/17	https://hiking.biji.co//index.php?q=member&member=853023
武陵三秀一日遊	20.71	701	2112	2121	2023/4/16	https://hiking.biji.co//index.php?q=member&member=1479845
桃山耍廢兩天一夜	10.1	658	1465	1499	2023/4/9	https://hiking.biji.co//index.php?q=member&member=1586418
桃山	10.31	697	1538	1529	2023/3/29	https://hiking.biji.co//index.php?q=member&member=1082781
桃山	10.31	697	1538	1529	2023/3/29	https://hiking.biji.co//index.php?q=member&member=1082781
桃山往返	12.22	601	1527	1514	2023/3/24	https://hiking.biji.co//index.php?q=member&member=1737769
桃山單攻	10.85	586	3025	3027	2023/3/19	https://hiking.biji.co//index.php?q=member&member=1038728
武陵四秀	19.06	849	1566	1748	2023/3/15	https://hiking.biji.co//index.php?q=member&member=1753982
???????雪兒 桃喀單攻（桃山、喀拉業）	16.41	761	1934	1930	2022/11/20	https://hiking.biji.co//index.php?q=member&member=1256534
桃山下桃山登山口	5.2	216	82	1444	2023/2/19	https://hiking.biji.co//index.php?q=member&member=53673
武陵四秀	27.32	3125	2695	2691	2023/2/17	https://hiking.biji.co//index.php?q=member&member=53673
桃山	10.35	477	1488	1481	2023/2/19	https://hiking.biji.co//index.php?q=member&member=1269643
桃山單攻	9.82	464	1474	1456	2023/2/8	https://hiking.biji.co//index.php?q=member&member=773866
2020/07/12武陵二秀-池有桃山	15.82	818	2052	2062	2020/7/12	https://hiking.biji.co//index.php?q=member&member=590564
桃山慢速單攻	11.97	538	1495	1495	2022/12/31	https://hiking.biji.co//index.php?q=member&member=1216199
2022.12.24 桃山	12.91	700	1563	1558	2022/12/24	https://hiking.biji.co//index.php?q=member&member=1287332
Ko	21.09	664	1694	1635	2022/12/25	https://hiking.biji.co//index.php?q=member&member=1643641
一日桃喀 桃山 喀拉業	16.48	626	2031	2032	2022/12/24	https://hiking.biji.co//index.php?q=member&member=71020
20221211 桃山單攻	11.46	718	1539	1534	2022/12/11	https://hiking.biji.co//index.php?q=member&member=1185721
桃山	11.79	549	1506	1515	2022/12/10	https://hiking.biji.co//index.php?q=member&member=1602003
桃山回程	5.38	235	27	1444	2022/12/3	https://hiking.biji.co//index.php?q=member&member=1164818
桃山/喀拉業山 (兩天一夜)	17.54	1406	2081	2092	2022/8/15	https://hiking.biji.co//index.php?q=member&member=1076095
妮妮	5.22	392	1448	64	2022/11/27	https://hiking.biji.co//index.php?q=member&member=1681197
桃山	9.92	652	1189	1179	2022/11/27	https://hiking.biji.co//index.php?q=member&member=1636338
桃山單攻	14.58	569	1507	1619	2022/11/27	https://hiking.biji.co//index.php?q=member&member=1724019
桃山	10.49	540	1472	1391	2022/11/27	https://hiking.biji.co//index.php?q=member&member=1593754
桃山1125	208.12	2347	2530	4365	2022/11/25	https://hiking.biji.co//index.php?q=member&member=1043295
慢速單攻桃山	9.27	557	1775	1828	2022/11/26	https://hiking.biji.co//index.php?q=member&member=1301316
桃山	10.31	618	1506	1431	2022/11/22	https://hiking.biji.co//index.php?q=member&member=1706261
20221121桃山單攻	10.97	691	1481	1479	2022/11/21	https://hiking.biji.co//index.php?q=member&member=122426
20221121 桃山 (武陵四秀)	11.63	648	1506	1495	2022/11/21	https://hiking.biji.co//index.php?q=member&member=1355087
桃山單攻	16.33	608	1520	1656	2022/11/20	https://hiking.biji.co//index.php?q=member&member=1455687
桃山	17.02	702	2039	2000	2022/11/19	https://hiking.biji.co//index.php?q=member&member=1458706
桃山一日單攻	6.09	358	1449	31	2022/11/16	https://hiking.biji.co//index.php?q=member&member=1649899
桃山上山	5.29	279	1460	46	2022/11/13	https://hiking.biji.co//index.php?q=member&member=1702890
浪花桃山	14.59	863	1983	1990	2022/11/12	https://hiking.biji.co//index.php?q=member&member=1525011
桃山神木-喀拉業北稜-扁柏神殿	19.11	1449	1881	3686	2022/10/27	https://hiking.biji.co//index.php?q=member&member=701357
桃山陡上之旅	13.47	702	1506	1501	2022/11/6	https://hiking.biji.co//index.php?q=member&member=1463511
桃山	11.81	618	1499	1504	2022/11/6	https://hiking.biji.co//index.php?q=member&member=1225476
一日桃喀	18.47	810	2035	2035	2022/11/5	https://hiking.biji.co//index.php?q=member&member=1137070
桃山單攻 吊橋起登	10.67	626	1489	1479	2022/11/4	https://hiking.biji.co//index.php?q=member&member=1354315
桃山	11.63	553	1485	1495	2022/10/30	https://hiking.biji.co//index.php?q=member&member=1024743
馬偕寶寶桃山單攻	11.55	731	1638	1634	2022/10/29	https://hiking.biji.co//index.php?q=member&member=1459790
桃山單攻	12.1	494	1501	1516	2022/10/22	https://hiking.biji.co//index.php?q=member&member=1189904
桃山步道	9.98	612	1366	1448	2022/10/10	https://hiking.biji.co//index.php?q=member&member=1380706
武陵二秀(池有、桃山)	16.59	959	1736	1740	2022/10/9	https://hiking.biji.co//index.php?q=member&member=1502172
武陵二秀(池有、桃山)	16.59	959	1736	1740	2022/10/9	https://hiking.biji.co//index.php?q=member&member=1502172
武陵二秀(池有桃山)	16.59	959	1736	1740	2022/10/9	https://hiking.biji.co//index.php?q=member&member=1502172
武陵三秀2日桃山上	57.41	2086	2647	2786	2022/10/1	https://hiking.biji.co//index.php?q=member&member=1589490
桃山1111008	5.34	319	867	425	2022/10/8	https://hiking.biji.co//index.php?q=member&member=1633130
桃山1111008	5.34	319	867	425	2022/10/8	https://hiking.biji.co//index.php?q=member&member=1633130
桃山	12.88	642	1533	1550	2022/10/3	https://hiking.biji.co//index.php?q=member&member=1154297
桃山池有一日	16.2	772	1907	1907	2022/10/2	https://hiking.biji.co//index.php?q=member&member=1242454
20221002桃山/詩崙山/喀拉業山	15.65	583	910	2181	2022/10/2	https://hiking.biji.co//index.php?q=member&member=1278878
重裝 新達到桃山下武陵山莊	9.91	641	438	1712	2022/9/25	https://hiking.biji.co//index.php?q=member&member=1235802
1110925桃山	12.22	581	1498	1503	2022/9/25	https://hiking.biji.co//index.php?q=member&member=1322081
桃山單攻	10.13	571	1530	1533	2022/9/23	https://hiking.biji.co//index.php?q=member&member=1605508
桃山單攻	9.69	625	1475	1494	2022/9/20	https://hiking.biji.co//index.php?q=member&member=1523440
桃山單攻	12.64	764	1498	1490	2022/9/17	https://hiking.biji.co//index.php?q=member&member=1315116
桃山單攻	12.36	771	1489	1519	2022/9/17	https://hiking.biji.co//index.php?q=member&member=1557134
第二顆百岳????GET	11.74	765	1506	1499	2022/9/17	https://hiking.biji.co//index.php?q=member&member=1432650
桃山一日單攻	10.92	554	1674	1662	2022/9/17	https://hiking.biji.co//index.php?q=member&member=1193638
桃山單攻	12.23	738	1519	1510	2022/9/10	https://hiking.biji.co//index.php?q=member&member=1346459
桃山-未完成	15.29	697	2332	2317	2022/9/10	https://hiking.biji.co//index.php?q=member&member=300473
桃山三角點-桃山山屋	1.75	558	152	70	2022/8/28	https://hiking.biji.co//index.php?q=member&member=1274562
桃山喀拉業山兩天一夜	19.26	1986	1991	2004	2022/8/26	https://hiking.biji.co//index.php?q=member&member=1556419
桃山單攻	10.11	638	1564	1571	2022/8/21	https://hiking.biji.co//index.php?q=member&member=873855
桃山	5.8	394	1460	41	2022/8/21	https://hiking.biji.co//index.php?q=member&member=1644378
桃山一日單攻	11.79	717	1498	1500	2022/8/20	https://hiking.biji.co//index.php?q=member&member=1592696
桃山	12.28	730	1508	1512	2022/8/20	https://hiking.biji.co//index.php?q=member&member=1606734
桃山池有O型	17.36	1815	1777	1781	2022/8/14	https://hiking.biji.co//index.php?q=member&member=723209
20210814桃山單攻	6.05	277	1634	86	2022/8/14	https://hiking.biji.co//index.php?q=member&member=1643426
單日喀拉業 桃山	17.1	613	1938	1952	2022/8/13	https://hiking.biji.co//index.php?q=member&member=1348819
"武陵二秀 D1 [武陵山莊-桃山-桃山山屋] (by Simon's Garmin Fenix 7X, 2022.08.08)"	5.71	354	1441	66	2022/8/8	https://hiking.biji.co//index.php?q=member&member=1323653
四秀桃山	8.7	574	1367	1346	2022/8/7	https://hiking.biji.co//index.php?q=member&member=1609103
20220806 桃山	10.86	498	1500	1489	2022/8/6	https://hiking.biji.co//index.php?q=member&member=1291000
桃山池有	14.11	838	1723	1727	2022/8/5	https://hiking.biji.co//index.php?q=member&member=1404504
桃山池有	14.11	838	1723	1727	2022/8/5	https://hiking.biji.co//index.php?q=member&member=1404504
桃山步道	12.21	700	1508	1496	2022/8/3	https://hiking.biji.co//index.php?q=member&member=1203386
桃山單攻 (單程，下一半手錶沒電，縮減檔案)	5.69	215	1443	45	2022/7/31	https://hiking.biji.co//index.php?q=member&member=548922
桃山單攻	10.61	469	1686	1686	2020/7/23	https://hiking.biji.co//index.php?q=member&member=1631707
桃山	5.22	290	1492	77	2022/7/30	https://hiking.biji.co//index.php?q=member&member=1198105
桃山單攻	9.48	532	1397	1392	2022/7/27	https://hiking.biji.co//index.php?q=member&member=1580085
20220723_武陵二秀-桃喀單攻	17.7	775	1850	1862	2022/7/23	https://hiking.biji.co//index.php?q=member&member=1233434
桃山	11.86	605	1464	1458	2022/7/24	https://hiking.biji.co//index.php?q=member&member=1273037
遠山含笑 芳草碧連天	19.55	942	2217	2222	2022/7/24	https://hiking.biji.co//index.php?q=member&member=1327923
一天一喀桃	18.06	741	2275	2276	2022/7/19	https://hiking.biji.co//index.php?q=member&member=1633731
桃山池有	17.04	704	1771	1780	2022/7/17	https://hiking.biji.co//index.php?q=member&member=1192967
池有山桃山_池桃O型縱走_武陵四秀	14.09	502	1682	1680	2022/7/16	https://hiking.biji.co//index.php?q=member&member=967625
桃山單攻	11.19	635	1501	1502	2022/7/13	https://hiking.biji.co//index.php?q=member&member=1179661
一日武陵三秀(桃喀池)	21.87	800	2151	2139	2022/7/10	https://hiking.biji.co//index.php?q=member&member=1022726
20220704 桃山單攻	16.53	748	1705	1703	2022/7/4	https://hiking.biji.co//index.php?q=member&member=1213868
武陵四秀 池有 品田 桃山 (缺喀拉業)	20.94	1111	2620	2608	2021/11/3	https://hiking.biji.co//index.php?q=member&member=71020
武陵四秀之3-桃山、喀拉業、池有山	20.2	623	2172	2186	2022/7/2	https://hiking.biji.co//index.php?q=member&member=2019173
桃山單攻	10.7	435	1562	1438	2021/11/6	https://hiking.biji.co//index.php?q=member&member=95574
桃山	10.7	609	1714	1659	2022/6/26	https://hiking.biji.co//index.php?q=member&member=837718
這才是平民	11.91	842	1756	1760	2022/6/26	https://hiking.biji.co//index.php?q=member&member=1155642
桃山一日單攻	11.44	458	1463	1466	2022/6/26	https://hiking.biji.co//index.php?q=member&member=875058
桃山一日單攻	10.34	512	1429	1423	2022/6/25	https://hiking.biji.co//index.php?q=member&member=1579285
桃山	17.8	824	1577	1522	2022/6/21	https://hiking.biji.co//index.php?q=member&member=1168211
桃山	8.75	620	1384	1366	2022/6/19	https://hiking.biji.co//index.php?q=member&member=1313188
桃山喀拉業單攻	17.09	716	1976	1901	2022/6/18	https://hiking.biji.co//index.php?q=member&member=1485354
桃山池有一日攻略	10.45	969	1599	570	2022/6/14	https://hiking.biji.co//index.php?q=member&member=1547765
桃山(下山)	4.96	184	3396	1471	2019/1/29	https://hiking.biji.co//index.php?q=member&member=1244840
桃山單攻	12.17	716	1502	1498	2022/6/5	https://hiking.biji.co//index.php?q=member&member=1607947
單攻桃山喀拉業山。Vito.20220604	19.95	1016	1959	1959	2022/6/4	https://hiking.biji.co//index.php?q=member&member=20775
桃山單登	8.96	438	861	1447	2022/6/4	https://hiking.biji.co//index.php?q=member&member=105066
桃山單攻	10.35	505	1486	1495	2022/6/4	https://hiking.biji.co//index.php?q=member&member=1222681
桃山	12.36	760	1667	1667	2022/6/3	https://hiking.biji.co//index.php?q=member&member=1603394
喀拉業	10.66	536	859	992	2022/5/30	https://hiking.biji.co//index.php?q=member&member=1353533
桃山單攻	11.98	704	1646	1646	2022/4/30	https://hiking.biji.co//index.php?q=member&member=842834
桃山池有	18.08	808	1783	1710	2022/5/1	https://hiking.biji.co//index.php?q=member&member=1344364
桃山單攻	11.11	466	1483	1484	2022/5/1	https://hiking.biji.co//index.php?q=member&member=65716
桃山單攻	11.93	497	1505	1512	2022/4/23	https://hiking.biji.co//index.php?q=member&member=1473495
桃山	16.39	877	1689	1690	2022/4/22	https://hiking.biji.co//index.php?q=member&member=1524310
一日桃喀	16.36	699	2109	2144	2022/4/16	https://hiking.biji.co//index.php?q=member&member=1157450
武陵3秀	8.63	555	1641	247	2022/4/14	https://hiking.biji.co//index.php?q=member&member=1516762
桃山＋池有山	14.98	850	1864	1858	2022/4/18	https://hiking.biji.co//index.php?q=member&member=1316131
桃山	14	831	1777	1771	2022/4/16	https://hiking.biji.co//index.php?q=member&member=1122200
20220414桃山單攻	11.21	546	1470	1479	2022/4/14	https://hiking.biji.co//index.php?q=member&member=1445151
桃山	10.49	321	1557	1559	2022/4/10	https://hiking.biji.co//index.php?q=member&member=777946
桃山	10.63	690	1520	1547	2022/4/8	https://hiking.biji.co//index.php?q=member&member=1560737
桃山單攻	17.67	689	1537	1526	2022/4/4	https://hiking.biji.co//index.php?q=member&member=1368130
20220404桃山單攻	10.4	550	1462	1379	2022/4/4	https://hiking.biji.co//index.php?q=member&member=1221648
米羅神殿上桃山	22.57	2376	3121	2669	2022/2/25	https://hiking.biji.co//index.php?q=member&member=729421
桃山單攻	10.98	791	3400	1511	2022/3/15	https://hiking.biji.co//index.php?q=member&member=1543668
桃山單攻	10.9	603	1737	1655	2022/2/28	https://hiking.biji.co//index.php?q=member&member=629941
2021-12-25 桃山 +桃山瀑布	16.39	722	1813	1813	2021/12/25	https://hiking.biji.co//index.php?q=member&member=922811
桃山單攻	10.76	490	1465	1468	2022/2/4	https://hiking.biji.co//index.php?q=member&member=871512
一日桃山	11.54	560	1509	1524	2022/1/16	https://hiking.biji.co//index.php?q=member&member=1462867
單攻桃山（上）	7.71	449	1467	52	2022/1/15	https://hiking.biji.co//index.php?q=member&member=53685
桃山	11.27	697	1473	1485	2022/1/9	https://hiking.biji.co//index.php?q=member&member=788347
桃山	2.75	122	285	312	2022/1/1	https://hiking.biji.co//index.php?q=member&member=1486681
桃山步道	2.95	119	270	324	2022/1/1	https://hiking.biji.co//index.php?q=member&member=99527
桃山	10.69	532	3775	3767	2021/12/19	https://hiking.biji.co//index.php?q=member&member=1470294
2021.12.13 雪山聖稜線O型 ( O聖 )	28	4031	3051	2789	2021/12/13	https://hiking.biji.co//index.php?q=member&member=1190274
桃山	5.34	387	1479	75	2021/12/11	https://hiking.biji.co//index.php?q=member&member=1172430
桃山單攻+桃山瀑布	19.08	672	1834	1823	2021/12/12	https://hiking.biji.co//index.php?q=member&member=1452496
桃山	13.9	871	1695	1696	2021/12/11	https://hiking.biji.co//index.php?q=member&member=37637
桃山單攻	10.56	594	1564	1564	2021/12/10	https://hiking.biji.co//index.php?q=member&member=1127076
20211210桃山單攻	11.18	593	1588	1590	2021/12/10	https://hiking.biji.co//index.php?q=member&member=1126851
2021桃山	7.68	564	1530	313	2021/12/3	https://hiking.biji.co//index.php?q=member&member=1318570
桃山單攻	5.46	302	1454	84	2021/12/5	https://hiking.biji.co//index.php?q=member&member=1398515
20211205桃山	11.88	695	1474	1482	2021/12/5	https://hiking.biji.co//index.php?q=member&member=1288160
桃山	12	563	1508	1503	2021/12/5	https://hiking.biji.co//index.php?q=member&member=1429632
11/27武陵四秀-桃山	14.79	768	3443	2795	2021/11/27	https://hiking.biji.co//index.php?q=member&member=1430586
桃山單攻	11.09	473	1490	1498	2021/11/21	https://hiking.biji.co//index.php?q=member&member=1161278
桃山單攻武陵山莊出發	10.39	494	1450	1486	2021/11/21	https://hiking.biji.co//index.php?q=member&member=97465
桃山喀拉業單攻	15.96	845	1953	1870	2021/11/20	https://hiking.biji.co//index.php?q=member&member=1167772
桃山 池有一日單攻	15.09	632	1783	1481	2021/11/19	https://hiking.biji.co//index.php?q=member&member=703585
武陵二秀－桃山喀拉業山單攻1101115	16.72	816	1902	1904	2021/11/15	https://hiking.biji.co//index.php?q=member&member=130343
桃山（單攻）	9.9	554	1797	1549	2021/11/15	https://hiking.biji.co//index.php?q=member&member=1435272
【武陵二秀】桃山、喀拉業山單攻	16.42	630	1979	1963	2021/11/14	https://hiking.biji.co//index.php?q=member&member=1363963
桃山一日單攻	11.72	686	1471	1466	2021/11/14	https://hiking.biji.co//index.php?q=member&member=975436
桃山喀拉業山（一日）	17.62	717	1978	1981	2021/11/7	https://hiking.biji.co//index.php?q=member&member=29703
桃山池有o型縱走	18.7	704	1745	1724	2021/11/8	https://hiking.biji.co//index.php?q=member&member=1277903
桃山單攻1101104	10.67	775	1385	1394	2021/11/4	https://hiking.biji.co//index.php?q=member&member=1472622
桃山	4.59	229	17	1342	2021/11/3	https://hiking.biji.co//index.php?q=member&member=1212106
桃山出大景	5.26	293	1429	19	2021/11/3	https://hiking.biji.co//index.php?q=member&member=1212106
佐得寒喀桃山武陵	16.19	1579	2257	1670	2021/9/18	https://hiking.biji.co//index.php?q=member&member=715381
20210927-28武陵四秀2日	27.07	1946	2613	2616	2021/9/27	https://hiking.biji.co//index.php?q=member&member=1380470
桃山單攻	10.15	528	1458	1446	2021/9/26	https://hiking.biji.co//index.php?q=member&member=117884
桃山一日單攻	10.35	709	1481	1493	2021/9/25	https://hiking.biji.co//index.php?q=member&member=962584
桃山單攻一日遊	11.35	612	1855	1858	2021/9/19	https://hiking.biji.co//index.php?q=member&member=505227
桃山池有山縱走	14.04	817	1615	1613	2021/8/30	https://hiking.biji.co//index.php?q=member&member=1229564
桃山單攻	10.13	573	1466	1499	2021/8/28	https://hiking.biji.co//index.php?q=member&member=1308421
2021 武陵二秀：桃山、池有山O型單攻	14.6	751	1674	1654	2021/8/26	https://hiking.biji.co//index.php?q=member&member=141048
桃山	9.83	589	1688	1701	2021/8/22	https://hiking.biji.co//index.php?q=member&member=68005
桃山單攻20210814	11.73	620	1576	1472	2021/8/14	https://hiking.biji.co//index.php?q=member&member=1136567
武陵四秀 桃山單攻	12.32	808	1744	1736	2021/2/7	https://hiking.biji.co//index.php?q=member&member=823155
1100514桃山	11.52	619	1574	1571	2021/5/14	https://hiking.biji.co//index.php?q=member&member=989034
武陵三秀(桃山→池有山→品田山)	17.79	2924	2148	1791	2021/4/30	https://hiking.biji.co//index.php?q=member&member=960211
2021/04/30 - 05/01 武陵四秀	25.95	2014	2698	2705	2021/4/30	https://hiking.biji.co//index.php?q=member&member=701378
桃山單攻	11.12	597	1440	1431	2021/5/1	https://hiking.biji.co//index.php?q=member&member=790137
武陵三秀	20.79	1336	2385	2383	2021/4/30	https://hiking.biji.co//index.php?q=member&member=943797
桃山	11.41	579	1500	1502	2021/5/1	https://hiking.biji.co//index.php?q=member&member=1181921
桃山單攻	11.22	633	1472	1465	2021/4/19	https://hiking.biji.co//index.php?q=member&member=1309742
20210419 桃山池有單攻	14.56	635	1692	1671	2021/4/19	https://hiking.biji.co//index.php?q=member&member=1344375
2021.04.17桃山單攻	15.83	752	1511	1517	2021/4/17	https://hiking.biji.co//index.php?q=member&member=104347
武陵桃山	11.91	706	1507	1412	2021/4/17	https://hiking.biji.co//index.php?q=member&member=1191961
桃山	14.62	741	1652	1733	2021/4/11	https://hiking.biji.co//index.php?q=member&member=1287914
桃山	12.12	551	1685	1704	2017/7/9	https://hiking.biji.co//index.php?q=member&member=1337396
20210321二刷桃山慢慢走	12.02	608	1494	1493	2021/3/21	https://hiking.biji.co//index.php?q=member&member=8612
20210321 桃山	10.27	607	1397	1461	2021/3/21	https://hiking.biji.co//index.php?q=member&member=966503
2021-03-13_桃山一日單攻	12.99	711	1533	1579	2021/3/13	https://hiking.biji.co//index.php?q=member&member=692059
20210228_20210301_台中和平武陵三秀	23.53	1143	2255	2256	2021/3/1	https://hiking.biji.co//index.php?q=member&member=782535
228桃山單攻GO	16.24	628	2330	2196	2021/2/26	https://hiking.biji.co//index.php?q=member&member=1143090
桃山	6.23	198	352	463	2021/2/4	https://hiking.biji.co//index.php?q=member&member=1211217
桃山一日單攻！	10.87	427	2740	2007	2021/2/2	https://hiking.biji.co//index.php?q=member&member=1184156
20201219 武陵三秀品田池有桃山	20.63	973	2264	2273	2020/12/19	https://hiking.biji.co//index.php?q=member&member=818630
武陵四秀-桃山&池有山	22.68	1919	1923	1934	2020/11/13	https://hiking.biji.co//index.php?q=member&member=1112572
桃山一日單攻	5.7	312	1495	26	2020/8/15	https://hiking.biji.co//index.php?q=member&member=814519
20201031桃山	10.42	422	2210	1744	2020/10/31	https://hiking.biji.co//index.php?q=member&member=8612
桃山單攻20201025	11.36	670	1489	1499	2020/10/25	https://hiking.biji.co//index.php?q=member&member=1166261
桃山登山山徑上武陵二秀202010101643.gpx	20.92	1108	2331	2330	2020/10/9	https://hiking.biji.co//index.php?q=member&member=1189988
一日桃山	10.78	574	1516	1517	2020/9/14	https://hiking.biji.co//index.php?q=member&member=1218633
單攻桃山	13.55	656	1763	1755	2020/8/17	https://hiking.biji.co//index.php?q=member&member=1158625
武陵二秀桃山池有單攻	16.33	686	1892	1898	2020/8/15	https://hiking.biji.co//index.php?q=member&member=109280
D1 武陵山莊_桃山_桃山山屋	5.26	462	1498	109	2020/8/14	https://hiking.biji.co//index.php?q=member&member=896237
?山	14.29	706	1531	1524	2020/8/8	https://hiking.biji.co//index.php?q=member&member=926144
一日三秀	23	958	2272	2270	2020/8/7	https://hiking.biji.co//index.php?q=member&member=1155420
20200716 - 一日單攻桃山	10.5	470	1445	1449	2020/7/16	https://hiking.biji.co//index.php?q=member&member=992300
桃山喀拉業	14.25	675	1756	1767	2020/4/25	https://hiking.biji.co//index.php?q=member&member=502559
桃山環走池有山	15.41	845	1709	1714	2020/6/22	https://hiking.biji.co//index.php?q=member&member=564953
一日武陵四秀	22.63	870	2277	2657	2020/6/17	https://hiking.biji.co//index.php?q=member&member=633195
桃山-喀拉業山	13.26	789	1934	599	2020/5/3	https://hiking.biji.co//index.php?q=member&member=503221
20200418-19桃山-詩崙山-喀拉業山(兩天一夜)	17.93	1694	2240	1806	2020/4/18	https://hiking.biji.co//index.php?q=member&member=823473
2020322桃山單攻	12.23	733	1598	1606	2020/3/22	https://hiking.biji.co//index.php?q=member&member=507814
2020-03-01桃山喀拉葉	17.6	1846	2024	2036	2020/2/29	https://hiking.biji.co//index.php?q=member&member=693941
20191227 池有山.桃山O型線單攻	13.87	717	1675	1693	2019/12/27	https://hiking.biji.co//index.php?q=member&member=735043
武陵三秀O型-品田池有桃山	20.65	1842	2135	2138	2019/11/9	https://hiking.biji.co//index.php?q=member&member=556197
一日武陵四秀	26.53	1002	2628	2643	2019/11/23	https://hiking.biji.co//index.php?q=member&member=29703
武陵山莊-桃山-桃山山屋-喀拉業山	15.77	1038	1740	1762	2019/10/26	https://hiking.biji.co//index.php?q=member&member=69540
桃山喀拉業2日行D1	5.85	515	1601	182	2019/9/17	https://hiking.biji.co//index.php?q=member&member=687944
桃山喀拉業2日行D2	12.31	497	1099	2025	2019/9/18	https://hiking.biji.co//index.php?q=member&member=687944
20190914桃山單攻	10.36	751	1456	1481	2019/9/14	https://hiking.biji.co//index.php?q=member&member=78153
武陵農場-桃山-桃山山屋-武陵農場2018.10.22-10.24	5.4	490	1460	75	2018/10/22	https://hiking.biji.co//index.php?q=member&member=510159
20190629_一日桃山喀拉業	16.92	622	1885	1888	2019/6/29	https://hiking.biji.co//index.php?q=member&member=689065
20190629桃山喀拉業單攻	16.29	622	1876	1879	2019/6/29	https://hiking.biji.co//index.php?q=member&member=30560
20190615桃山喀拉業單攻	17.26	726	1976	1917	2019/6/15	https://hiking.biji.co//index.php?q=member&member=687332
桃山池有山	17.68	2022	1829	1833	2014/6/11	https://hiking.biji.co//index.php?q=member&member=149650
武陵四秀桃山	11.28	546	1648	123	2018/12/19	https://hiking.biji.co//index.php?q=member&member=529925
武陵二秀(桃山+池有山O型)	14.33	1872	1663	1666	2018/12/15	https://hiking.biji.co//index.php?q=member&member=556197
20181229_一日三秀-品田 池有 桃山	20.45	782	1962	1965	2018/12/29	https://hiking.biji.co//index.php?q=member&member=689065
品田山-池有山-桃山一日單攻	24.81	782	2447	2449	2018/12/29	https://hiking.biji.co//index.php?q=member&member=30560
武陵農場-桃山山屋	5.86	397	1456	59	2018/8/19	https://hiking.biji.co//index.php?q=member&member=694458
桃山、喀拉業山	5.12	290	115	1357	2016/6/26	https://hiking.biji.co//index.php?q=member&member=40008
武陵四秀.桃山池有大O.20180722	15.56	959	1670	1616	2018/7/22	https://hiking.biji.co//index.php?q=member&member=504274
桃山喀拉業山	17.14	1841	2114	2166	2018/5/19	https://hiking.biji.co//index.php?q=member&member=500968
2017.12.23-24 武陵二秀之桃山喀拉業(親子登山_小三至小六)	22.74	1183	1962	1910	2017/12/23	https://hiking.biji.co//index.php?q=member&member=513269
桃山單攻(原路去回)	12.27	652	1655	1669	2017/9/20	https://hiking.biji.co//index.php?q=member&member=608961
桃山單攻	12.12	551	1685	1704	2017/7/9	https://hiking.biji.co//index.php?q=member&member=693941
2017-04-30 桃山單攻	12.47	651	1592	1498	2017/4/30	https://hiking.biji.co//index.php?q=member&member=544911
